"DESCRIPTION","DURATION IN MS","NAME","PARENT SUITE","START TIME","STATUS","STOP TIME","SUB SUITE","SUITE","TEST CLASS","TEST METHOD"
"","2834","Verify Continue shopping button","","2026-06-02","passed","2026-06-02","","","",""
"","4218","Verify linkedIn page URL and Title","","2026-06-02","passed","2026-06-02","","","",""
"","7588","Verify Description text is visible on cart page","","2026-06-02","broken","2026-06-02","","","",""
"","4681","Verify facebook page URL and Title","","2026-06-02","passed","2026-06-02","","","",""
"","8459","Verify twitter page URL and Title","","2026-06-02","passed","2026-06-02","","","",""
"","4612","Verify user navigate to cart page","","2026-06-02","passed","2026-06-02","","","",""
"","2974","Verify Your Cart text is visible on cart page","","2026-06-02","passed","2026-06-02","","","",""
"","3104","Verify product on cart page","","2026-06-02","passed","2026-06-02","","","",""
"","3019","Verify QTY text is visible on cart page","","2026-06-02","passed","2026-06-02","","","",""
